id;title;abstract;keywords;topic
1;Effects of Sleep Deprivation on Cognitive Function;This paper explores the effects of sleep deprivation on cognitive function focusing on attention working memory and decision making. The study found that sleep deprivation impairs these cognitive functions leading to reduced performance and increased risk-taking.;sleep deprivation cognitive function attention working memory decision making performance;Psychology
2;The Role of Exercise in Managing Chronic Pain;This paper examines the role of exercise in managing chronic pain with a focus on its effects on pain perception and physical function. The study found that exercise can be an effective tool for reducing pain and improving physical function particularly for individuals with chronic conditions such as arthritis and fibromyalgia.;exercise chronic pain pain perception physical function arthritis fibromyalgia;Physical Therapy
3;Impact of Social Media on Adolescent Mental Health;This paper investigates the impact of social media on adolescent mental health focusing on the relationship between social media use and symptoms of anxiety and depression. The study found that excessive social media use is associated with increased risk of these mental health problems among adolescents.;social media adolescent mental health anxiety depression excessive use;Psychiatry
4;Development of a Machine Learning Algorithm for Predicting Heart Disease;This paper describes the development of a machine learning algorithm for predicting heart disease using a dataset of patient characteristics and medical history. The study found that the algorithm achieved high accuracy in predicting the risk of heart disease indicating its potential for clinical use.;machine learning algorithm heart disease prediction patient characteristics medical history;Cardiology
5;Assessment of Greenhouse Gas Emissions from Urban Transportation;This paper assesses greenhouse gas emissions from urban transportation focusing on the contributions of different modes of transportation such as cars buses and trains. The study found that transportation is a significant contributor to greenhouse gas emissions in urban areas and suggests that policies promoting alternative modes of transportation could help reduce emissions.;greenhouse gas emissions urban transportation cars buses trains alternative modes policies;Environmental Science
6;Impact of Climate Change on Coral Reefs;This paper investigates the impact of climate change on coral reefs including the effects of warming waters and ocean acidification on coral health and biodiversity.;climate change coral reefs warming waters ocean acidification biodiversity;Marine Biology
7;The Role of Microbes in Soil Health;This paper explores the role of microbes in soil health including their contributions to nutrient cycling soil structure and plant growth.;microbes soil health nutrient cycling soil structure plant growth;Agriculture
8;Developing a Low-cost Water Filtration System for Rural Communities;This paper describes the development of a low-cost water filtration system for rural communities using locally available materials and simple technology.;water filtration rural communities low-cost locally available materials simple technology;Engineering
9;Investigating the Effects of Meditation on Stress and Anxiety;This paper investigates the effects of meditation on stress and anxiety including its potential for reducing symptoms and improving overall wellbeing.;meditation stress anxiety symptoms wellbeing;Psychology
10;Impact of Social Support on Recovery from Substance Use Disorders;This paper examines the impact of social support on recovery from substance use disorders including the role of family and community support in treatment outcomes.;social support substance use disorders recovery family support community support;Addiction Studies
11;Designing a Sustainable Packaging Solution for Food Delivery Services;This paper discusses the design of a sustainable packaging solution for food delivery services considering the environmental impact and usability of different materials.;sustainable packaging food delivery services environmental impact usability materials;Environmental Science
12;Exploring the Role of Genetics in Autism Spectrum Disorders;This paper explores the role of genetics in autism spectrum disorders including the identification of potential genetic markers and their implications for diagnosis and treatment.;genetics autism spectrum disorders genetic markers diagnosis treatment;Neuroscience
13;Comparing the Effectiveness of Different Pain Management Strategies;This paper compares the effectiveness of different pain management strategies including medication physical therapy and psychological interventions for various types of pain conditions.;pain management medication physical therapy psychological interventions pain conditions;Pain Management
14;Evaluating the Impact of Air Pollution on Human Health;This paper evaluates the impact of air pollution on human health including the effects of particulate matter and ozone on respiratory and cardiovascular systems and the associated economic costs.;air pollution human health particulate matter ozone respiratory system cardiovascular system economic costs;Public Health
15;Investigating the Potential of Renewable Energy Sources for Rural Electrification;This paper investigates the potential of renewable energy sources including solar wind and hydroelectric power for rural electrification in developing countries focusing on the technical and economic feasibility of these solutions.;renewable energy rural electrification solar power wind power hydroelectric power developing countries technical feasibility economic feasibility;Renewable Energy Engineering
16;The Role of Artificial Intelligence in Healthcare;This paper explores the role of artificial intelligence (AI) in healthcare including its potential for improving diagnosis accuracy and treatment outcomes as well as the ethical considerations surrounding its use.;artificial intelligence healthcare diagnosis treatment outcomes ethical considerations;Healthcare Technology
17;Investigating the Effects of Sleep Deprivation on Cognitive Performance;This paper investigates the effects of sleep deprivation on cognitive performance including attention memory and decision-making as well as the potential long-term consequences of chronic sleep deprivation.;sleep deprivation cognitive performance attention memory decision-making long-term consequences;Sleep Science
18;Examining the Relationship between Physical Activity and Mental Health;This paper examines the relationship between physical activity and mental health including the effects of exercise on mood anxiety and stress levels and the potential for physical activity as a treatment for mental health conditions.;physical activity mental health exercise mood anxiety stress treatment;Mental Health
19;Developing a Mobile App for Remote Patient Monitoring;This paper describes the development of a mobile app for remote patient monitoring including the features and functionalities of the app and its potential for improving patient outcomes and reducing healthcare costs.;mobile app remote patient monitoring features functionalities patient outcomes healthcare costs;Digital Health
20;Analyzing the Impact of Social Media on Body Image and Eating Behaviors;This paper analyzes the impact of social media on body image and eating behaviors including the effects of exposure to idealized images on self-esteem and the potential for social media as a platform for promoting positive body image.;social media body image eating behaviors exposure idealized images self-esteem positive body image;Social Psychology
21;Effects of High-Intensity Interval Training on Cardiovascular Health in Adults;This study examines the effects of a 12-week high-intensity interval training program on cardiovascular health in sedentary adults. The results suggest that this type of exercise may be an effective way to improve cardiovascular fitness and reduce the risk of cardiovascular disease.;exercise;cardiology
22;The Role of Gut Microbiota in Inflammatory Bowel Disease;This paper reviews the current understanding of the role of gut microbiota in the development and progression of inflammatory bowel disease. The findings suggest that dysbiosis of the gut microbiota may be a contributing factor to the pathogenesis of these conditions.;microbiota;gastroenterology
23;The Effectiveness of Cognitive Behavioral Therapy for Anxiety Disorders;This study evaluates the effectiveness of cognitive behavioral therapy for treating anxiety disorders in adults. The results suggest that this type of therapy may be a viable alternative to pharmacological interventions.;anxiety;psychiatry
24;The Relationship Between Sleep Apnea and Cardiovascular Disease;This paper reviews the current evidence on the relationship between sleep apnea and cardiovascular disease. The findings suggest that sleep apnea may be a risk factor for the development of cardiovascular disease.;sleep apnea;cardiology
25;The Use of Artificial Intelligence for Early Detection of Alzheimer's Disease;This study explores the use of artificial intelligence algorithms for early detection of Alzheimer's disease. The results suggest that these algorithms may be a valuable tool for predicting the onset of the disease in at-risk populations.;Alzheimer's disease;neurology
26;The Effectiveness of Mindfulness-Based Stress Reduction for Chronic Pain Management;This paper evaluates the effectiveness of mindfulness-based stress reduction for managing chronic pain. The results suggest that this type of therapy may be an effective adjunct to pharmacological interventions.;chronic pain;pain management
27;The Role of Nutrition in the Prevention of Chronic Diseases;This study examines the role of nutrition in the prevention of chronic diseases such as diabetes cardiovascular disease and cancer. The findings suggest that a healthy diet may be an effective way to reduce the risk of these conditions.;nutrition;prevention
28;The Efficacy of Physical Therapy for Treating Osteoarthritis;This paper reviews the current evidence on the efficacy of physical therapy for treating osteoarthritis. The findings suggest that physical therapy may be an effective way to manage the symptoms of this condition.;osteoarthritis;orthopedics
29;The Relationship Between Depression and Cardiovascular Disease;This study investigates the relationship between depression and cardiovascular disease. The results suggest that depression may be a risk factor for the development of cardiovascular disease.;depression;cardiology
30;The Use of Telemedicine for Remote Monitoring of Chronic Diseases;This paper explores the use of telemedicine for remote monitoring of chronic diseases such as diabetes and hypertension. The findings suggest that this technology may be an effective way to manage these conditions in remote or underserved areas.;telemedicine;remote monitoring
31;The Role of Exercise in the Prevention of Chronic Diseases;This study examines the role of exercise in the prevention of chronic diseases such as diabetes cardiovascular disease and cancer. The results suggest that regular exercise may be an effective way to reduce the risk of these conditions.;exercise;prevention
32;The Effectiveness of Mindfulness-Based Cognitive Therapy for Treating Depression;This paper evaluates the effectiveness of mindfulness-based cognitive therapy for treating depression in adults. The results suggest that this type of therapy may be an effective alternative to pharmacological interventions.;depression;psychiatry
33;The Effectiveness of Yoga for Managing Chronic Pain;This study evaluates the effectiveness of yoga for managing chronic pain. The results suggest that this type of therapy may be an effective way to improve quality of life and reduce pain in individuals with chronic pain conditions.;yoga;chronic pain
34;The Relationship Between Vitamin D and Bone Health;This paper reviews the current evidence on the relationship between vitamin D and bone health. The findings suggest that getting adequate amounts of vitamin D is important for maintaining strong bones and reducing the risk of osteoporosis.;vitamin D;endocrinology
35;The Use of Telemedicine for Chronic Disease Management;This study examines the use of telemedicine for managing chronic diseases such as diabetes and hypertension. The results suggest that this technology may be an effective way to improve patient outcomes and reduce healthcare costs.;telemedicine;chronic disease management
36;The Role of Exercise in the Management of Chronic Obstructive Pulmonary Disease (COPD);This paper reviews the current evidence on the role of exercise in the management of COPD. The findings suggest that exercise training can improve symptoms and quality of life in individuals with COPD.;COPD;respiratory medicine
37;The Relationship Between Stress and Cardiovascular Health;This study investigates the relationship between stress and cardiovascular health. The results suggest that chronic stress may be a risk factor for the development of cardiovascular disease and stress management techniques may be helpful for reducing this risk.;stress;cardiology
38;The Use of Mindfulness-Based Interventions for Treating Chronic Pain;This paper explores the use of mindfulness-based interventions for managing chronic pain. The findings suggest that these interventions may be an effective way to reduce pain and improve quality of life in individuals with chronic pain conditions.;mindfulness;chronic pain
39;The Role of Genetic Testing in Personalized Medicine;This paper explores the role of genetic testing in personalized medicine. The findings suggest that genetic testing can provide valuable information for tailoring medical treatments to individual patients.;genetic testing;personalized medicine
40;The Relationship Between Nutrition and Cardiovascular Health;This study investigates the relationship between nutrition and cardiovascular health. The results suggest that a healthy diet can significantly reduce the risk of developing cardiovascular disease.;nutrition;cardiology
41;The Use of Virtual Reality for Pain Management in Children;This paper explores the use of virtual reality technology for managing pain in children. The findings suggest that this technology may be an effective way to reduce pain and anxiety in pediatric patients undergoing medical procedures.;virtual reality;pain management
42;The Effectiveness of Cognitive Behavioral Therapy for Depression;This study evaluates the effectiveness of cognitive behavioral therapy for treating depression. The results suggest that this type of therapy may be an effective alternative to pharmacological interventions for mild to moderate depression.;depression;psychiatry
43;The Role of Exercise in the Prevention of Alzheimer's Disease;This paper reviews the current evidence on the role of exercise in the prevention of Alzheimer's disease. The findings suggest that regular exercise may be an effective way to reduce the risk of developing this condition.;Alzheimer's disease;neurology
44;The Relationship Between Sleep and Cardiovascular Health;This study investigates the relationship between sleep and cardiovascular health. The results suggest that getting adequate sleep is important for maintaining cardiovascular health and reducing the risk of developing cardiovascular disease.;sleep;cardiology
45;The Use of Augmented Reality for Medical Education;This paper explores the use of augmented reality technology for medical education. The findings suggest that this technology may be an effective tool for enhancing medical education and training.;augmented reality;medical education
46;Exploring the Link between Gut Microbiota and Autoimmune Diseases;This paper explores the link between gut microbiota and autoimmune diseases including the role of microbial dysbiosis in disease pathogenesis and the potential for microbiome-targeted therapies.;gut microbiota autoimmune diseases microbial dysbiosis disease pathogenesis microbiome-targeted therapies;Microbiology
47;Evaluating the Effectiveness of Online Education for K-12 Students;This paper evaluates the effectiveness of online education for K-12 students including the impact on academic achievement student engagement and teacher workload and the potential for online education to address educational inequality.;online education K-12 students academic achievement student engagement teacher workload educational inequality;Education Technology
48;Investigating the Effects of Climate Change on Biodiversity;This paper investigates the effects of climate change on biodiversity including the impacts of rising temperatures changes in precipitation patterns and habitat loss on plant and animal populations and the potential for conservation strategies to mitigate these effects.;climate change biodiversity rising temperatures precipitation patterns habitat loss plant and animal populations conservation strategies;Environmental Science
49;Developing a Predictive Model for Credit Risk Assessment;This paper describes the development of a predictive model for credit risk assessment including the selection of relevant features model training and validation and the potential for the model to improve loan approval accuracy and reduce default rates.;predictive model credit risk assessment relevant features model training loan approval accuracy default rates;Finance
50;Analyzing the Impact of Social Support on Health Outcomes in Older Adults;This paper analyzes the impact of social support on health outcomes in older adults including the effects of social isolation and loneliness on physical and mental health and the potential for social support interventions to improve health outcomes and quality of life.;social support health outcomes older adults social isolation loneliness physical health mental health quality of life;Gerontology
51;Investigating the Potential of Blockchain for Supply Chain Management;This paper investigates the potential of blockchain technology for supply chain management including the benefits of increased transparency security and efficiency and the challenges associated with implementation and adoption.;blockchain supply chain management transparency security efficiency implementation adoption;Business Technology
52;Assessing the Impact of Culture on Cross-Cultural Communication in International Business;This paper assesses the impact of culture on cross-cultural communication in international business including the role of cultural dimensions in communication styles and strategies and the potential for cultural intelligence training to improve communication effectiveness.;culture cross-cultural communication international business cultural dimensions communication styles communication strategies cultural intelligence training;Cross-Cultural Studies
53;Exploring the Potential of Genome Editing for Agricultural Biotechnology;This paper explores the potential of genome editing technologies including CRISPR/Cas9 for agricultural biotechnology including the development of disease-resistant crops the enhancement of nutritional value and the reduction of environmental impact.;genome editing CRISPR/Cas9 agricultural biotechnology disease-resistant crops nutritional value environmental impact;Agricultural Science
54;Analyzing the Effects of Music Therapy on Pain Management;This paper analyzes the effects of music therapy on pain management including the physiological and psychological mechanisms of action and the potential for music as an adjunctive therapy for pain conditions.;music therapy pain management physiological mechanisms psychological mechanisms adjunctive therapy pain conditions;Pain Management
55;Investigating the Impacts of Ocean Acidification on Coral Reefs;This paper investigates the impacts of ocean acidification on coral reefs including the effects of declining pH levels on coral calcification growth and survival and the potential for coral adaptation and management strategies to mitigate these effects.;ocean acidification coral reefs pH levels coral calcification coral growth coral survival adaptation management strategies;Marine Biology
56;Exploring the Potential of Artificial Intelligence for Cybersecurity;This paper explores the potential of artificial intelligence for cybersecurity including the application of machine learning algorithms for threat detection and response and the challenges associated with AI implementation in security systems.;artificial intelligence cybersecurity machine learning algorithms threat detection threat response implementation challenges security systems;Computer Science
57;Evaluating the Effectiveness of Cognitive Behavioral Therapy for Anxiety Disorders;This paper evaluates the effectiveness of cognitive behavioral therapy for anxiety disorders including the mechanisms of action and the potential for CBT to improve symptom severity and quality of life in individuals with anxiety disorders.;cognitive behavioral therapy anxiety disorders mechanisms of action symptom severity quality of life;Clinical Psychology
58;Investigating the Link between Sleep and Memory Consolidation;This paper investigates the link between sleep and memory consolidation including the role of different stages of sleep in memory processing and the potential for sleep interventions to enhance memory consolidation in individuals with memory impairments.;sleep memory consolidation different stages of sleep memory processing sleep interventions memory impairments;Neuroscience
59;Analyzing the Impacts of Advertising on Consumer Behavior;This paper analyzes the impacts of advertising on consumer behavior including the effects of different advertising strategies on consumer attitudes perceptions and purchase intentions and the potential for advertising regulation to protect vulnerable consumers.;advertising consumer behavior advertising strategies consumer attitudes consumer perceptions purchase intentions advertising regulation vulnerable consumers;Marketing
60;Investigating the Effects of Air Pollution on Respiratory Health;This paper investigates the effects of air pollution on respiratory health including the mechanisms of action and the potential for air quality interventions to reduce the burden of respiratory diseases.;air pollution respiratory health mechanisms of action air quality interventions respiratory diseases;Public Health
61;Exploring the Role of MicroRNAs in Cancer Progression;This paper explores the role of microRNAs in cancer progression including the effects of miRNA dysregulation on cell proliferation invasion and metastasis and the potential for miRNA-based therapies for cancer treatment.;microRNAs cancer progression miRNA dysregulation cell proliferation invasion metastasis miRNA-based therapies cancer treatment;Cancer Research
62;Evaluating the Impact of Corporate Social Responsibility on Business Performance;This paper evaluates the impact of corporate social responsibility on business performance including the effects of CSR activities on financial performance employee satisfaction and customer loyalty and the potential for CSR to enhance brand reputation and long-term sustainability.;corporate social responsibility business performance CSR activities financial performance employee satisfaction customer loyalty brand reputation long-term sustainability;Business Management
63;Investigating the Relationship between Physical Activity and Cognitive Functioning in Older Adults;This paper investigates the relationship between physical activity and cognitive functioning in older adults including the effects of exercise on brain structure and function and the potential for physical activity interventions to improve cognitive performance in aging populations.;physical activity cognitive functioning older adults exercise brain structure brain function physical activity interventions cognitive performance aging populations;Aging Studies
64;Exploring the Potential of 3D Printing in Architecture;This paper explores the potential of 3D printing in architecture including the application of additive manufacturing techniques for building construction and the challenges associated with incorporating 3D printing into traditional construction processes.;3D printing architecture additive manufacturing building construction construction processes;Architecture
65;Analyzing the Impacts of Climate Change on Global Food Security;This paper analyzes the impacts of climate change on global food security including the effects of changing weather patterns on crop yields and food availability and the potential for adaptation and mitigation strategies to improve food security in vulnerable populations.;climate change global food security weather patterns crop yields food availability adaptation strategies mitigation strategies vulnerable populations;Environmental Science
66;Evaluating the Effectiveness of Mindfulness-Based Interventions for Stress Reduction;This paper evaluates the effectiveness of mindfulness-based interventions for stress reduction including the mechanisms of action and the potential for MBIs to improve mental and physical health outcomes in individuals experiencing stress and stress-related disorders.;mindfulness-based interventions stress reduction mechanisms of action mental health physical health stress-related disorders;Clinical Psychology
67;Investigating the Link between Genetic Variations and Risk of Alzheimer's Disease;This paper investigates the link between genetic variations and risk of Alzheimer's disease including the effects of genetic risk factors on brain structure and function and the potential for personalized medicine approaches to Alzheimer's disease prevention and treatment.;genetic variations Alzheimer's disease genetic risk factors brain structure brain function personalized medicine prevention treatment;Neuroscience
68;Analyzing the Impacts of Social Media on Mental Health;This paper analyzes the impacts of social media on mental health including the effects of social media use on mood self-esteem and body image and the potential for social media literacy and regulation to promote healthy social media behaviors.;social media mental health social media use mood self-esteem body image social media literacy regulation healthy behaviors;Psychology
69;Investigating the Effects of Early Childhood Education on Academic Achievement;This paper investigates the effects of early childhood education on academic achievement including the cognitive and social benefits of early childhood education programs and the potential for ECE interventions to reduce achievement gaps in disadvantaged populations.;early childhood education academic achievement cognitive benefits social benefits ECE interventions achievement gaps disadvantaged populations;Education
